,buy_date,duration,profit,profit_pct,profit_amount,buy_price,sell_price,ema5,ema20,ema200
0,2021-03-18 09:30:00+05:30,,-4.449951171875,-0.30%,-1112.48779296875,1485.82495117188,1481.375000000005,"2021-03-18 09:15:00+05:30    1483.949951
2021-03-18 09:30:00+05:30    1485.199951
2021-03-18 09:45:00+05:30    1484.383301
2021-03-18 10:00:00+05:30    1482.938883
2021-03-18 10:15:00+05:30    1481.625922
                                ...     
2021-05-04 14:15:00+05:30    1408.657335
2021-05-04 14:30:00+05:30    1407.321565
2021-05-04 14:45:00+05:30    1406.214376
2021-05-04 15:00:00+05:30    1404.842910
2021-05-04 15:15:00+05:30    1404.395273
Name: EMA5, Length: 750, dtype: float64","2021-03-18 09:15:00+05:30    1483.949951
2021-03-18 09:30:00+05:30    1484.307094
2021-03-18 09:45:00+05:30    1484.158799
2021-03-18 10:00:00+05:30    1483.767490
2021-03-18 10:15:00+05:30    1483.313443
                                ...     
2021-05-04 14:15:00+05:30    1412.983268
2021-05-04 14:30:00+05:30    1412.189626
2021-05-04 14:45:00+05:30    1411.409661
2021-05-04 15:00:00+05:30    1410.523025
2021-05-04 15:15:00+05:30    1409.854165
Name: EMA20, Length: 750, dtype: float64","2021-03-18 09:15:00+05:30    1483.949951
2021-03-18 09:30:00+05:30    1483.987265
2021-03-18 09:45:00+05:30    1483.974954
2021-03-18 10:00:00+05:30    1483.935900
2021-03-18 10:15:00+05:30    1483.886786
                                ...     
2021-05-04 14:15:00+05:30    1472.504363
2021-05-04 14:30:00+05:30    1471.829196
2021-05-04 14:45:00+05:30    1471.154278
2021-05-04 15:00:00+05:30    1470.467171
2021-05-04 15:15:00+05:30    1469.800831
Name: EMA200, Length: 750, dtype: float64"
1,2021-03-18 10:15:00+05:30,,-5.625,-0.38%,-1406.25,1479.525024414065,1485.150024414065,"2021-03-18 09:15:00+05:30    1483.949951
2021-03-18 09:30:00+05:30    1485.199951
2021-03-18 09:45:00+05:30    1484.383301
2021-03-18 10:00:00+05:30    1482.938883
2021-03-18 10:15:00+05:30    1481.625922
                                ...     
2021-05-04 14:15:00+05:30    1408.657335
2021-05-04 14:30:00+05:30    1407.321565
2021-05-04 14:45:00+05:30    1406.214376
2021-05-04 15:00:00+05:30    1404.842910
2021-05-04 15:15:00+05:30    1404.395273
Name: EMA5, Length: 750, dtype: float64","2021-03-18 09:15:00+05:30    1483.949951
2021-03-18 09:30:00+05:30    1484.307094
2021-03-18 09:45:00+05:30    1484.158799
2021-03-18 10:00:00+05:30    1483.767490
2021-03-18 10:15:00+05:30    1483.313443
                                ...     
2021-05-04 14:15:00+05:30    1412.983268
2021-05-04 14:30:00+05:30    1412.189626
2021-05-04 14:45:00+05:30    1411.409661
2021-05-04 15:00:00+05:30    1410.523025
2021-05-04 15:15:00+05:30    1409.854165
Name: EMA20, Length: 750, dtype: float64","2021-03-18 09:15:00+05:30    1483.949951
2021-03-18 09:30:00+05:30    1483.987265
2021-03-18 09:45:00+05:30    1483.974954
2021-03-18 10:00:00+05:30    1483.935900
2021-03-18 10:15:00+05:30    1483.886786
                                ...     
2021-05-04 14:15:00+05:30    1472.504363
2021-05-04 14:30:00+05:30    1471.829196
2021-05-04 14:45:00+05:30    1471.154278
2021-05-04 15:00:00+05:30    1470.467171
2021-05-04 15:15:00+05:30    1469.800831
Name: EMA200, Length: 750, dtype: float64"
2,2021-03-18 12:15:00+05:30,,-11.425048828125,-0.77%,-2856.26220703125,1490.6000366210951,1479.1749877929701,"2021-03-18 09:15:00+05:30    1483.949951
2021-03-18 09:30:00+05:30    1485.199951
2021-03-18 09:45:00+05:30    1484.383301
2021-03-18 10:00:00+05:30    1482.938883
2021-03-18 10:15:00+05:30    1481.625922
                                ...     
2021-05-04 14:15:00+05:30    1408.657335
2021-05-04 14:30:00+05:30    1407.321565
2021-05-04 14:45:00+05:30    1406.214376
2021-05-04 15:00:00+05:30    1404.842910
2021-05-04 15:15:00+05:30    1404.395273
Name: EMA5, Length: 750, dtype: float64","2021-03-18 09:15:00+05:30    1483.949951
2021-03-18 09:30:00+05:30    1484.307094
2021-03-18 09:45:00+05:30    1484.158799
2021-03-18 10:00:00+05:30    1483.767490
2021-03-18 10:15:00+05:30    1483.313443
                                ...     
2021-05-04 14:15:00+05:30    1412.983268
2021-05-04 14:30:00+05:30    1412.189626
2021-05-04 14:45:00+05:30    1411.409661
2021-05-04 15:00:00+05:30    1410.523025
2021-05-04 15:15:00+05:30    1409.854165
Name: EMA20, Length: 750, dtype: float64","2021-03-18 09:15:00+05:30    1483.949951
2021-03-18 09:30:00+05:30    1483.987265
2021-03-18 09:45:00+05:30    1483.974954
2021-03-18 10:00:00+05:30    1483.935900
2021-03-18 10:15:00+05:30    1483.886786
                                ...     
2021-05-04 14:15:00+05:30    1472.504363
2021-05-04 14:30:00+05:30    1471.829196
2021-05-04 14:45:00+05:30    1471.154278
2021-05-04 15:00:00+05:30    1470.467171
2021-05-04 15:15:00+05:30    1469.800831
Name: EMA200, Length: 750, dtype: float64"
3,2021-03-18 13:30:00+05:30,,14.099975585934999,0.95%,3524.9938964837497,1477.47497558594,1463.375000000005,"2021-03-18 09:15:00+05:30    1483.949951
2021-03-18 09:30:00+05:30    1485.199951
2021-03-18 09:45:00+05:30    1484.383301
2021-03-18 10:00:00+05:30    1482.938883
2021-03-18 10:15:00+05:30    1481.625922
                                ...     
2021-05-04 14:15:00+05:30    1408.657335
2021-05-04 14:30:00+05:30    1407.321565
2021-05-04 14:45:00+05:30    1406.214376
2021-05-04 15:00:00+05:30    1404.842910
2021-05-04 15:15:00+05:30    1404.395273
Name: EMA5, Length: 750, dtype: float64","2021-03-18 09:15:00+05:30    1483.949951
2021-03-18 09:30:00+05:30    1484.307094
2021-03-18 09:45:00+05:30    1484.158799
2021-03-18 10:00:00+05:30    1483.767490
2021-03-18 10:15:00+05:30    1483.313443
                                ...     
2021-05-04 14:15:00+05:30    1412.983268
2021-05-04 14:30:00+05:30    1412.189626
2021-05-04 14:45:00+05:30    1411.409661
2021-05-04 15:00:00+05:30    1410.523025
2021-05-04 15:15:00+05:30    1409.854165
Name: EMA20, Length: 750, dtype: float64","2021-03-18 09:15:00+05:30    1483.949951
2021-03-18 09:30:00+05:30    1483.987265
2021-03-18 09:45:00+05:30    1483.974954
2021-03-18 10:00:00+05:30    1483.935900
2021-03-18 10:15:00+05:30    1483.886786
                                ...     
2021-05-04 14:15:00+05:30    1472.504363
2021-05-04 14:30:00+05:30    1471.829196
2021-05-04 14:45:00+05:30    1471.154278
2021-05-04 15:00:00+05:30    1470.467171
2021-05-04 15:15:00+05:30    1469.800831
Name: EMA200, Length: 750, dtype: float64"
4,2021-03-22 09:15:00+05:30,,0.4749755859400011,0.03%,118.74389648500028,1458.0,1457.52502441406,"2021-03-18 09:15:00+05:30    1483.949951
2021-03-18 09:30:00+05:30    1485.199951
2021-03-18 09:45:00+05:30    1484.383301
2021-03-18 10:00:00+05:30    1482.938883
2021-03-18 10:15:00+05:30    1481.625922
                                ...     
2021-05-04 14:15:00+05:30    1408.657335
2021-05-04 14:30:00+05:30    1407.321565
2021-05-04 14:45:00+05:30    1406.214376
2021-05-04 15:00:00+05:30    1404.842910
2021-05-04 15:15:00+05:30    1404.395273
Name: EMA5, Length: 750, dtype: float64","2021-03-18 09:15:00+05:30    1483.949951
2021-03-18 09:30:00+05:30    1484.307094
2021-03-18 09:45:00+05:30    1484.158799
2021-03-18 10:00:00+05:30    1483.767490
2021-03-18 10:15:00+05:30    1483.313443
                                ...     
2021-05-04 14:15:00+05:30    1412.983268
2021-05-04 14:30:00+05:30    1412.189626
2021-05-04 14:45:00+05:30    1411.409661
2021-05-04 15:00:00+05:30    1410.523025
2021-05-04 15:15:00+05:30    1409.854165
Name: EMA20, Length: 750, dtype: float64","2021-03-18 09:15:00+05:30    1483.949951
2021-03-18 09:30:00+05:30    1483.987265
2021-03-18 09:45:00+05:30    1483.974954
2021-03-18 10:00:00+05:30    1483.935900
2021-03-18 10:15:00+05:30    1483.886786
                                ...     
2021-05-04 14:15:00+05:30    1472.504363
2021-05-04 14:30:00+05:30    1471.829196
2021-05-04 14:45:00+05:30    1471.154278
2021-05-04 15:00:00+05:30    1470.467171
2021-05-04 15:15:00+05:30    1469.800831
Name: EMA200, Length: 750, dtype: float64"
5,2021-03-23 12:45:00+05:30,,3.275024414065001,0.22%,818.7561035162503,1485.72497558594,1489.000000000005,"2021-03-18 09:15:00+05:30    1483.949951
2021-03-18 09:30:00+05:30    1485.199951
2021-03-18 09:45:00+05:30    1484.383301
2021-03-18 10:00:00+05:30    1482.938883
2021-03-18 10:15:00+05:30    1481.625922
                                ...     
2021-05-04 14:15:00+05:30    1408.657335
2021-05-04 14:30:00+05:30    1407.321565
2021-05-04 14:45:00+05:30    1406.214376
2021-05-04 15:00:00+05:30    1404.842910
2021-05-04 15:15:00+05:30    1404.395273
Name: EMA5, Length: 750, dtype: float64","2021-03-18 09:15:00+05:30    1483.949951
2021-03-18 09:30:00+05:30    1484.307094
2021-03-18 09:45:00+05:30    1484.158799
2021-03-18 10:00:00+05:30    1483.767490
2021-03-18 10:15:00+05:30    1483.313443
                                ...     
2021-05-04 14:15:00+05:30    1412.983268
2021-05-04 14:30:00+05:30    1412.189626
2021-05-04 14:45:00+05:30    1411.409661
2021-05-04 15:00:00+05:30    1410.523025
2021-05-04 15:15:00+05:30    1409.854165
Name: EMA20, Length: 750, dtype: float64","2021-03-18 09:15:00+05:30    1483.949951
2021-03-18 09:30:00+05:30    1483.987265
2021-03-18 09:45:00+05:30    1483.974954
2021-03-18 10:00:00+05:30    1483.935900
2021-03-18 10:15:00+05:30    1483.886786
                                ...     
2021-05-04 14:15:00+05:30    1472.504363
2021-05-04 14:30:00+05:30    1471.829196
2021-05-04 14:45:00+05:30    1471.154278
2021-05-04 15:00:00+05:30    1470.467171
2021-05-04 15:15:00+05:30    1469.800831
Name: EMA200, Length: 750, dtype: float64"
6,2021-03-24 11:45:00+05:30,,-3.074951171875,-0.21%,-768.73779296875,1491.59997558594,1488.525024414065,"2021-03-18 09:15:00+05:30    1483.949951
2021-03-18 09:30:00+05:30    1485.199951
2021-03-18 09:45:00+05:30    1484.383301
2021-03-18 10:00:00+05:30    1482.938883
2021-03-18 10:15:00+05:30    1481.625922
                                ...     
2021-05-04 14:15:00+05:30    1408.657335
2021-05-04 14:30:00+05:30    1407.321565
2021-05-04 14:45:00+05:30    1406.214376
2021-05-04 15:00:00+05:30    1404.842910
2021-05-04 15:15:00+05:30    1404.395273
Name: EMA5, Length: 750, dtype: float64","2021-03-18 09:15:00+05:30    1483.949951
2021-03-18 09:30:00+05:30    1484.307094
2021-03-18 09:45:00+05:30    1484.158799
2021-03-18 10:00:00+05:30    1483.767490
2021-03-18 10:15:00+05:30    1483.313443
                                ...     
2021-05-04 14:15:00+05:30    1412.983268
2021-05-04 14:30:00+05:30    1412.189626
2021-05-04 14:45:00+05:30    1411.409661
2021-05-04 15:00:00+05:30    1410.523025
2021-05-04 15:15:00+05:30    1409.854165
Name: EMA20, Length: 750, dtype: float64","2021-03-18 09:15:00+05:30    1483.949951
2021-03-18 09:30:00+05:30    1483.987265
2021-03-18 09:45:00+05:30    1483.974954
2021-03-18 10:00:00+05:30    1483.935900
2021-03-18 10:15:00+05:30    1483.886786
                                ...     
2021-05-04 14:15:00+05:30    1472.504363
2021-05-04 14:30:00+05:30    1471.829196
2021-05-04 14:45:00+05:30    1471.154278
2021-05-04 15:00:00+05:30    1470.467171
2021-05-04 15:15:00+05:30    1469.800831
Name: EMA200, Length: 750, dtype: float64"
7,2021-03-25 12:30:00+05:30,,-7.275024414065001,-0.50%,-1818.7561035162503,1459.775024414065,1467.05004882813,"2021-03-18 09:15:00+05:30    1483.949951
2021-03-18 09:30:00+05:30    1485.199951
2021-03-18 09:45:00+05:30    1484.383301
2021-03-18 10:00:00+05:30    1482.938883
2021-03-18 10:15:00+05:30    1481.625922
                                ...     
2021-05-04 14:15:00+05:30    1408.657335
2021-05-04 14:30:00+05:30    1407.321565
2021-05-04 14:45:00+05:30    1406.214376
2021-05-04 15:00:00+05:30    1404.842910
2021-05-04 15:15:00+05:30    1404.395273
Name: EMA5, Length: 750, dtype: float64","2021-03-18 09:15:00+05:30    1483.949951
2021-03-18 09:30:00+05:30    1484.307094
2021-03-18 09:45:00+05:30    1484.158799
2021-03-18 10:00:00+05:30    1483.767490
2021-03-18 10:15:00+05:30    1483.313443
                                ...     
2021-05-04 14:15:00+05:30    1412.983268
2021-05-04 14:30:00+05:30    1412.189626
2021-05-04 14:45:00+05:30    1411.409661
2021-05-04 15:00:00+05:30    1410.523025
2021-05-04 15:15:00+05:30    1409.854165
Name: EMA20, Length: 750, dtype: float64","2021-03-18 09:15:00+05:30    1483.949951
2021-03-18 09:30:00+05:30    1483.987265
2021-03-18 09:45:00+05:30    1483.974954
2021-03-18 10:00:00+05:30    1483.935900
2021-03-18 10:15:00+05:30    1483.886786
                                ...     
2021-05-04 14:15:00+05:30    1472.504363
2021-05-04 14:30:00+05:30    1471.829196
2021-05-04 14:45:00+05:30    1471.154278
2021-05-04 15:00:00+05:30    1470.467171
2021-05-04 15:15:00+05:30    1469.800831
Name: EMA200, Length: 750, dtype: float64"
8,2021-03-26 11:45:00+05:30,,49.20001220703011,3.29%,12300.003051757529,1494.84997558594,1544.0499877929701,"2021-03-18 09:15:00+05:30    1483.949951
2021-03-18 09:30:00+05:30    1485.199951
2021-03-18 09:45:00+05:30    1484.383301
2021-03-18 10:00:00+05:30    1482.938883
2021-03-18 10:15:00+05:30    1481.625922
                                ...     
2021-05-04 14:15:00+05:30    1408.657335
2021-05-04 14:30:00+05:30    1407.321565
2021-05-04 14:45:00+05:30    1406.214376
2021-05-04 15:00:00+05:30    1404.842910
2021-05-04 15:15:00+05:30    1404.395273
Name: EMA5, Length: 750, dtype: float64","2021-03-18 09:15:00+05:30    1483.949951
2021-03-18 09:30:00+05:30    1484.307094
2021-03-18 09:45:00+05:30    1484.158799
2021-03-18 10:00:00+05:30    1483.767490
2021-03-18 10:15:00+05:30    1483.313443
                                ...     
2021-05-04 14:15:00+05:30    1412.983268
2021-05-04 14:30:00+05:30    1412.189626
2021-05-04 14:45:00+05:30    1411.409661
2021-05-04 15:00:00+05:30    1410.523025
2021-05-04 15:15:00+05:30    1409.854165
Name: EMA20, Length: 750, dtype: float64","2021-03-18 09:15:00+05:30    1483.949951
2021-03-18 09:30:00+05:30    1483.987265
2021-03-18 09:45:00+05:30    1483.974954
2021-03-18 10:00:00+05:30    1483.935900
2021-03-18 10:15:00+05:30    1483.886786
                                ...     
2021-05-04 14:15:00+05:30    1472.504363
2021-05-04 14:30:00+05:30    1471.829196
2021-05-04 14:45:00+05:30    1471.154278
2021-05-04 15:00:00+05:30    1470.467171
2021-05-04 15:15:00+05:30    1469.800831
Name: EMA200, Length: 750, dtype: float64"
9,2021-03-31 13:00:00+05:30,,6.874999999994998,0.44%,1718.7499999987494,1551.375000000005,1558.25,"2021-03-18 09:15:00+05:30    1483.949951
2021-03-18 09:30:00+05:30    1485.199951
2021-03-18 09:45:00+05:30    1484.383301
2021-03-18 10:00:00+05:30    1482.938883
2021-03-18 10:15:00+05:30    1481.625922
                                ...     
2021-05-04 14:15:00+05:30    1408.657335
2021-05-04 14:30:00+05:30    1407.321565
2021-05-04 14:45:00+05:30    1406.214376
2021-05-04 15:00:00+05:30    1404.842910
2021-05-04 15:15:00+05:30    1404.395273
Name: EMA5, Length: 750, dtype: float64","2021-03-18 09:15:00+05:30    1483.949951
2021-03-18 09:30:00+05:30    1484.307094
2021-03-18 09:45:00+05:30    1484.158799
2021-03-18 10:00:00+05:30    1483.767490
2021-03-18 10:15:00+05:30    1483.313443
                                ...     
2021-05-04 14:15:00+05:30    1412.983268
2021-05-04 14:30:00+05:30    1412.189626
2021-05-04 14:45:00+05:30    1411.409661
2021-05-04 15:00:00+05:30    1410.523025
2021-05-04 15:15:00+05:30    1409.854165
Name: EMA20, Length: 750, dtype: float64","2021-03-18 09:15:00+05:30    1483.949951
2021-03-18 09:30:00+05:30    1483.987265
2021-03-18 09:45:00+05:30    1483.974954
2021-03-18 10:00:00+05:30    1483.935900
2021-03-18 10:15:00+05:30    1483.886786
                                ...     
2021-05-04 14:15:00+05:30    1472.504363
2021-05-04 14:30:00+05:30    1471.829196
2021-05-04 14:45:00+05:30    1471.154278
2021-05-04 15:00:00+05:30    1470.467171
2021-05-04 15:15:00+05:30    1469.800831
Name: EMA200, Length: 750, dtype: float64"
10,2021-04-01 13:00:00+05:30,,0.125,0.01%,31.25,1563.3250122070299,1563.4500122070299,"2021-03-18 09:15:00+05:30    1483.949951
2021-03-18 09:30:00+05:30    1485.199951
2021-03-18 09:45:00+05:30    1484.383301
2021-03-18 10:00:00+05:30    1482.938883
2021-03-18 10:15:00+05:30    1481.625922
                                ...     
2021-05-04 14:15:00+05:30    1408.657335
2021-05-04 14:30:00+05:30    1407.321565
2021-05-04 14:45:00+05:30    1406.214376
2021-05-04 15:00:00+05:30    1404.842910
2021-05-04 15:15:00+05:30    1404.395273
Name: EMA5, Length: 750, dtype: float64","2021-03-18 09:15:00+05:30    1483.949951
2021-03-18 09:30:00+05:30    1484.307094
2021-03-18 09:45:00+05:30    1484.158799
2021-03-18 10:00:00+05:30    1483.767490
2021-03-18 10:15:00+05:30    1483.313443
                                ...     
2021-05-04 14:15:00+05:30    1412.983268
2021-05-04 14:30:00+05:30    1412.189626
2021-05-04 14:45:00+05:30    1411.409661
2021-05-04 15:00:00+05:30    1410.523025
2021-05-04 15:15:00+05:30    1409.854165
Name: EMA20, Length: 750, dtype: float64","2021-03-18 09:15:00+05:30    1483.949951
2021-03-18 09:30:00+05:30    1483.987265
2021-03-18 09:45:00+05:30    1483.974954
2021-03-18 10:00:00+05:30    1483.935900
2021-03-18 10:15:00+05:30    1483.886786
                                ...     
2021-05-04 14:15:00+05:30    1472.504363
2021-05-04 14:30:00+05:30    1471.829196
2021-05-04 14:45:00+05:30    1471.154278
2021-05-04 15:00:00+05:30    1470.467171
2021-05-04 15:15:00+05:30    1469.800831
Name: EMA200, Length: 750, dtype: float64"
11,2021-04-05 14:30:00+05:30,,-8.575073242180224,-0.56%,-2143.768310545056,1530.35003662109,1521.77496337891,"2021-03-18 09:15:00+05:30    1483.949951
2021-03-18 09:30:00+05:30    1485.199951
2021-03-18 09:45:00+05:30    1484.383301
2021-03-18 10:00:00+05:30    1482.938883
2021-03-18 10:15:00+05:30    1481.625922
                                ...     
2021-05-04 14:15:00+05:30    1408.657335
2021-05-04 14:30:00+05:30    1407.321565
2021-05-04 14:45:00+05:30    1406.214376
2021-05-04 15:00:00+05:30    1404.842910
2021-05-04 15:15:00+05:30    1404.395273
Name: EMA5, Length: 750, dtype: float64","2021-03-18 09:15:00+05:30    1483.949951
2021-03-18 09:30:00+05:30    1484.307094
2021-03-18 09:45:00+05:30    1484.158799
2021-03-18 10:00:00+05:30    1483.767490
2021-03-18 10:15:00+05:30    1483.313443
                                ...     
2021-05-04 14:15:00+05:30    1412.983268
2021-05-04 14:30:00+05:30    1412.189626
2021-05-04 14:45:00+05:30    1411.409661
2021-05-04 15:00:00+05:30    1410.523025
2021-05-04 15:15:00+05:30    1409.854165
Name: EMA20, Length: 750, dtype: float64","2021-03-18 09:15:00+05:30    1483.949951
2021-03-18 09:30:00+05:30    1483.987265
2021-03-18 09:45:00+05:30    1483.974954
2021-03-18 10:00:00+05:30    1483.935900
2021-03-18 10:15:00+05:30    1483.886786
                                ...     
2021-05-04 14:15:00+05:30    1472.504363
2021-05-04 14:30:00+05:30    1471.829196
2021-05-04 14:45:00+05:30    1471.154278
2021-05-04 15:00:00+05:30    1470.467171
2021-05-04 15:15:00+05:30    1469.800831
Name: EMA200, Length: 750, dtype: float64"
12,2021-04-06 11:30:00+05:30,,-1.4249877929698869,-0.09%,-356.2469482424717,1528.97497558594,1527.5499877929701,"2021-03-18 09:15:00+05:30    1483.949951
2021-03-18 09:30:00+05:30    1485.199951
2021-03-18 09:45:00+05:30    1484.383301
2021-03-18 10:00:00+05:30    1482.938883
2021-03-18 10:15:00+05:30    1481.625922
                                ...     
2021-05-04 14:15:00+05:30    1408.657335
2021-05-04 14:30:00+05:30    1407.321565
2021-05-04 14:45:00+05:30    1406.214376
2021-05-04 15:00:00+05:30    1404.842910
2021-05-04 15:15:00+05:30    1404.395273
Name: EMA5, Length: 750, dtype: float64","2021-03-18 09:15:00+05:30    1483.949951
2021-03-18 09:30:00+05:30    1484.307094
2021-03-18 09:45:00+05:30    1484.158799
2021-03-18 10:00:00+05:30    1483.767490
2021-03-18 10:15:00+05:30    1483.313443
                                ...     
2021-05-04 14:15:00+05:30    1412.983268
2021-05-04 14:30:00+05:30    1412.189626
2021-05-04 14:45:00+05:30    1411.409661
2021-05-04 15:00:00+05:30    1410.523025
2021-05-04 15:15:00+05:30    1409.854165
Name: EMA20, Length: 750, dtype: float64","2021-03-18 09:15:00+05:30    1483.949951
2021-03-18 09:30:00+05:30    1483.987265
2021-03-18 09:45:00+05:30    1483.974954
2021-03-18 10:00:00+05:30    1483.935900
2021-03-18 10:15:00+05:30    1483.886786
                                ...     
2021-05-04 14:15:00+05:30    1472.504363
2021-05-04 14:30:00+05:30    1471.829196
2021-05-04 14:45:00+05:30    1471.154278
2021-05-04 15:00:00+05:30    1470.467171
2021-05-04 15:15:00+05:30    1469.800831
Name: EMA200, Length: 750, dtype: float64"
13,2021-04-07 09:15:00+05:30,,-8.074951171869998,-0.53%,-2018.7377929674994,1536.224975585935,1528.150024414065,"2021-03-18 09:15:00+05:30    1483.949951
2021-03-18 09:30:00+05:30    1485.199951
2021-03-18 09:45:00+05:30    1484.383301
2021-03-18 10:00:00+05:30    1482.938883
2021-03-18 10:15:00+05:30    1481.625922
                                ...     
2021-05-04 14:15:00+05:30    1408.657335
2021-05-04 14:30:00+05:30    1407.321565
2021-05-04 14:45:00+05:30    1406.214376
2021-05-04 15:00:00+05:30    1404.842910
2021-05-04 15:15:00+05:30    1404.395273
Name: EMA5, Length: 750, dtype: float64","2021-03-18 09:15:00+05:30    1483.949951
2021-03-18 09:30:00+05:30    1484.307094
2021-03-18 09:45:00+05:30    1484.158799
2021-03-18 10:00:00+05:30    1483.767490
2021-03-18 10:15:00+05:30    1483.313443
                                ...     
2021-05-04 14:15:00+05:30    1412.983268
2021-05-04 14:30:00+05:30    1412.189626
2021-05-04 14:45:00+05:30    1411.409661
2021-05-04 15:00:00+05:30    1410.523025
2021-05-04 15:15:00+05:30    1409.854165
Name: EMA20, Length: 750, dtype: float64","2021-03-18 09:15:00+05:30    1483.949951
2021-03-18 09:30:00+05:30    1483.987265
2021-03-18 09:45:00+05:30    1483.974954
2021-03-18 10:00:00+05:30    1483.935900
2021-03-18 10:15:00+05:30    1483.886786
                                ...     
2021-05-04 14:15:00+05:30    1472.504363
2021-05-04 14:30:00+05:30    1471.829196
2021-05-04 14:45:00+05:30    1471.154278
2021-05-04 15:00:00+05:30    1470.467171
2021-05-04 15:15:00+05:30    1469.800831
Name: EMA200, Length: 750, dtype: float64"
14,2021-04-07 10:15:00+05:30,,2.575012207030113,0.17%,643.7530517575283,1532.84997558594,1535.4249877929701,"2021-03-18 09:15:00+05:30    1483.949951
2021-03-18 09:30:00+05:30    1485.199951
2021-03-18 09:45:00+05:30    1484.383301
2021-03-18 10:00:00+05:30    1482.938883
2021-03-18 10:15:00+05:30    1481.625922
                                ...     
2021-05-04 14:15:00+05:30    1408.657335
2021-05-04 14:30:00+05:30    1407.321565
2021-05-04 14:45:00+05:30    1406.214376
2021-05-04 15:00:00+05:30    1404.842910
2021-05-04 15:15:00+05:30    1404.395273
Name: EMA5, Length: 750, dtype: float64","2021-03-18 09:15:00+05:30    1483.949951
2021-03-18 09:30:00+05:30    1484.307094
2021-03-18 09:45:00+05:30    1484.158799
2021-03-18 10:00:00+05:30    1483.767490
2021-03-18 10:15:00+05:30    1483.313443
                                ...     
2021-05-04 14:15:00+05:30    1412.983268
2021-05-04 14:30:00+05:30    1412.189626
2021-05-04 14:45:00+05:30    1411.409661
2021-05-04 15:00:00+05:30    1410.523025
2021-05-04 15:15:00+05:30    1409.854165
Name: EMA20, Length: 750, dtype: float64","2021-03-18 09:15:00+05:30    1483.949951
2021-03-18 09:30:00+05:30    1483.987265
2021-03-18 09:45:00+05:30    1483.974954
2021-03-18 10:00:00+05:30    1483.935900
2021-03-18 10:15:00+05:30    1483.886786
                                ...     
2021-05-04 14:15:00+05:30    1472.504363
2021-05-04 14:30:00+05:30    1471.829196
2021-05-04 14:45:00+05:30    1471.154278
2021-05-04 15:00:00+05:30    1470.467171
2021-05-04 15:15:00+05:30    1469.800831
Name: EMA200, Length: 750, dtype: float64"
15,2021-04-07 15:00:00+05:30,,-22.15002441406,-1.46%,-5537.506103514999,1512.59997558594,1534.75,"2021-03-18 09:15:00+05:30    1483.949951
2021-03-18 09:30:00+05:30    1485.199951
2021-03-18 09:45:00+05:30    1484.383301
2021-03-18 10:00:00+05:30    1482.938883
2021-03-18 10:15:00+05:30    1481.625922
                                ...     
2021-05-04 14:15:00+05:30    1408.657335
2021-05-04 14:30:00+05:30    1407.321565
2021-05-04 14:45:00+05:30    1406.214376
2021-05-04 15:00:00+05:30    1404.842910
2021-05-04 15:15:00+05:30    1404.395273
Name: EMA5, Length: 750, dtype: float64","2021-03-18 09:15:00+05:30    1483.949951
2021-03-18 09:30:00+05:30    1484.307094
2021-03-18 09:45:00+05:30    1484.158799
2021-03-18 10:00:00+05:30    1483.767490
2021-03-18 10:15:00+05:30    1483.313443
                                ...     
2021-05-04 14:15:00+05:30    1412.983268
2021-05-04 14:30:00+05:30    1412.189626
2021-05-04 14:45:00+05:30    1411.409661
2021-05-04 15:00:00+05:30    1410.523025
2021-05-04 15:15:00+05:30    1409.854165
Name: EMA20, Length: 750, dtype: float64","2021-03-18 09:15:00+05:30    1483.949951
2021-03-18 09:30:00+05:30    1483.987265
2021-03-18 09:45:00+05:30    1483.974954
2021-03-18 10:00:00+05:30    1483.935900
2021-03-18 10:15:00+05:30    1483.886786
                                ...     
2021-05-04 14:15:00+05:30    1472.504363
2021-05-04 14:30:00+05:30    1471.829196
2021-05-04 14:45:00+05:30    1471.154278
2021-05-04 15:00:00+05:30    1470.467171
2021-05-04 15:15:00+05:30    1469.800831
Name: EMA200, Length: 750, dtype: float64"
16,2021-04-08 09:45:00+05:30,,55.85003662109489,3.64%,13962.509155273721,1536.099975585935,1591.9500122070299,"2021-03-18 09:15:00+05:30    1483.949951
2021-03-18 09:30:00+05:30    1485.199951
2021-03-18 09:45:00+05:30    1484.383301
2021-03-18 10:00:00+05:30    1482.938883
2021-03-18 10:15:00+05:30    1481.625922
                                ...     
2021-05-04 14:15:00+05:30    1408.657335
2021-05-04 14:30:00+05:30    1407.321565
2021-05-04 14:45:00+05:30    1406.214376
2021-05-04 15:00:00+05:30    1404.842910
2021-05-04 15:15:00+05:30    1404.395273
Name: EMA5, Length: 750, dtype: float64","2021-03-18 09:15:00+05:30    1483.949951
2021-03-18 09:30:00+05:30    1484.307094
2021-03-18 09:45:00+05:30    1484.158799
2021-03-18 10:00:00+05:30    1483.767490
2021-03-18 10:15:00+05:30    1483.313443
                                ...     
2021-05-04 14:15:00+05:30    1412.983268
2021-05-04 14:30:00+05:30    1412.189626
2021-05-04 14:45:00+05:30    1411.409661
2021-05-04 15:00:00+05:30    1410.523025
2021-05-04 15:15:00+05:30    1409.854165
Name: EMA20, Length: 750, dtype: float64","2021-03-18 09:15:00+05:30    1483.949951
2021-03-18 09:30:00+05:30    1483.987265
2021-03-18 09:45:00+05:30    1483.974954
2021-03-18 10:00:00+05:30    1483.935900
2021-03-18 10:15:00+05:30    1483.886786
                                ...     
2021-05-04 14:15:00+05:30    1472.504363
2021-05-04 14:30:00+05:30    1471.829196
2021-05-04 14:45:00+05:30    1471.154278
2021-05-04 15:00:00+05:30    1470.467171
2021-05-04 15:15:00+05:30    1469.800831
Name: EMA200, Length: 750, dtype: float64"
17,2021-04-12 12:30:00+05:30,,-21.925048828119998,-1.44%,-5481.262207029999,1518.27496337891,1540.2000122070299,"2021-03-18 09:15:00+05:30    1483.949951
2021-03-18 09:30:00+05:30    1485.199951
2021-03-18 09:45:00+05:30    1484.383301
2021-03-18 10:00:00+05:30    1482.938883
2021-03-18 10:15:00+05:30    1481.625922
                                ...     
2021-05-04 14:15:00+05:30    1408.657335
2021-05-04 14:30:00+05:30    1407.321565
2021-05-04 14:45:00+05:30    1406.214376
2021-05-04 15:00:00+05:30    1404.842910
2021-05-04 15:15:00+05:30    1404.395273
Name: EMA5, Length: 750, dtype: float64","2021-03-18 09:15:00+05:30    1483.949951
2021-03-18 09:30:00+05:30    1484.307094
2021-03-18 09:45:00+05:30    1484.158799
2021-03-18 10:00:00+05:30    1483.767490
2021-03-18 10:15:00+05:30    1483.313443
                                ...     
2021-05-04 14:15:00+05:30    1412.983268
2021-05-04 14:30:00+05:30    1412.189626
2021-05-04 14:45:00+05:30    1411.409661
2021-05-04 15:00:00+05:30    1410.523025
2021-05-04 15:15:00+05:30    1409.854165
Name: EMA20, Length: 750, dtype: float64","2021-03-18 09:15:00+05:30    1483.949951
2021-03-18 09:30:00+05:30    1483.987265
2021-03-18 09:45:00+05:30    1483.974954
2021-03-18 10:00:00+05:30    1483.935900
2021-03-18 10:15:00+05:30    1483.886786
                                ...     
2021-05-04 14:15:00+05:30    1472.504363
2021-05-04 14:30:00+05:30    1471.829196
2021-05-04 14:45:00+05:30    1471.154278
2021-05-04 15:00:00+05:30    1470.467171
2021-05-04 15:15:00+05:30    1469.800831
Name: EMA200, Length: 750, dtype: float64"
18,2021-04-13 12:15:00+05:30,,-7.799987792964885,-0.51%,-1949.9969482412212,1525.900024414065,1533.7000122070299,"2021-03-18 09:15:00+05:30    1483.949951
2021-03-18 09:30:00+05:30    1485.199951
2021-03-18 09:45:00+05:30    1484.383301
2021-03-18 10:00:00+05:30    1482.938883
2021-03-18 10:15:00+05:30    1481.625922
                                ...     
2021-05-04 14:15:00+05:30    1408.657335
2021-05-04 14:30:00+05:30    1407.321565
2021-05-04 14:45:00+05:30    1406.214376
2021-05-04 15:00:00+05:30    1404.842910
2021-05-04 15:15:00+05:30    1404.395273
Name: EMA5, Length: 750, dtype: float64","2021-03-18 09:15:00+05:30    1483.949951
2021-03-18 09:30:00+05:30    1484.307094
2021-03-18 09:45:00+05:30    1484.158799
2021-03-18 10:00:00+05:30    1483.767490
2021-03-18 10:15:00+05:30    1483.313443
                                ...     
2021-05-04 14:15:00+05:30    1412.983268
2021-05-04 14:30:00+05:30    1412.189626
2021-05-04 14:45:00+05:30    1411.409661
2021-05-04 15:00:00+05:30    1410.523025
2021-05-04 15:15:00+05:30    1409.854165
Name: EMA20, Length: 750, dtype: float64","2021-03-18 09:15:00+05:30    1483.949951
2021-03-18 09:30:00+05:30    1483.987265
2021-03-18 09:45:00+05:30    1483.974954
2021-03-18 10:00:00+05:30    1483.935900
2021-03-18 10:15:00+05:30    1483.886786
                                ...     
2021-05-04 14:15:00+05:30    1472.504363
2021-05-04 14:30:00+05:30    1471.829196
2021-05-04 14:45:00+05:30    1471.154278
2021-05-04 15:00:00+05:30    1470.467171
2021-05-04 15:15:00+05:30    1469.800831
Name: EMA200, Length: 750, dtype: float64"
19,2021-04-13 15:00:00+05:30,,-11.675048828125,-0.76%,-2918.76220703125,1527.4249877929701,1539.1000366210951,"2021-03-18 09:15:00+05:30    1483.949951
2021-03-18 09:30:00+05:30    1485.199951
2021-03-18 09:45:00+05:30    1484.383301
2021-03-18 10:00:00+05:30    1482.938883
2021-03-18 10:15:00+05:30    1481.625922
                                ...     
2021-05-04 14:15:00+05:30    1408.657335
2021-05-04 14:30:00+05:30    1407.321565
2021-05-04 14:45:00+05:30    1406.214376
2021-05-04 15:00:00+05:30    1404.842910
2021-05-04 15:15:00+05:30    1404.395273
Name: EMA5, Length: 750, dtype: float64","2021-03-18 09:15:00+05:30    1483.949951
2021-03-18 09:30:00+05:30    1484.307094
2021-03-18 09:45:00+05:30    1484.158799
2021-03-18 10:00:00+05:30    1483.767490
2021-03-18 10:15:00+05:30    1483.313443
                                ...     
2021-05-04 14:15:00+05:30    1412.983268
2021-05-04 14:30:00+05:30    1412.189626
2021-05-04 14:45:00+05:30    1411.409661
2021-05-04 15:00:00+05:30    1410.523025
2021-05-04 15:15:00+05:30    1409.854165
Name: EMA20, Length: 750, dtype: float64","2021-03-18 09:15:00+05:30    1483.949951
2021-03-18 09:30:00+05:30    1483.987265
2021-03-18 09:45:00+05:30    1483.974954
2021-03-18 10:00:00+05:30    1483.935900
2021-03-18 10:15:00+05:30    1483.886786
                                ...     
2021-05-04 14:15:00+05:30    1472.504363
2021-05-04 14:30:00+05:30    1471.829196
2021-05-04 14:45:00+05:30    1471.154278
2021-05-04 15:00:00+05:30    1470.467171
2021-05-04 15:15:00+05:30    1469.800831
Name: EMA200, Length: 750, dtype: float64"
20,2021-04-15 09:30:00+05:30,,0.25,0.02%,62.5,1531.72497558594,1531.47497558594,"2021-03-18 09:15:00+05:30    1483.949951
2021-03-18 09:30:00+05:30    1485.199951
2021-03-18 09:45:00+05:30    1484.383301
2021-03-18 10:00:00+05:30    1482.938883
2021-03-18 10:15:00+05:30    1481.625922
                                ...     
2021-05-04 14:15:00+05:30    1408.657335
2021-05-04 14:30:00+05:30    1407.321565
2021-05-04 14:45:00+05:30    1406.214376
2021-05-04 15:00:00+05:30    1404.842910
2021-05-04 15:15:00+05:30    1404.395273
Name: EMA5, Length: 750, dtype: float64","2021-03-18 09:15:00+05:30    1483.949951
2021-03-18 09:30:00+05:30    1484.307094
2021-03-18 09:45:00+05:30    1484.158799
2021-03-18 10:00:00+05:30    1483.767490
2021-03-18 10:15:00+05:30    1483.313443
                                ...     
2021-05-04 14:15:00+05:30    1412.983268
2021-05-04 14:30:00+05:30    1412.189626
2021-05-04 14:45:00+05:30    1411.409661
2021-05-04 15:00:00+05:30    1410.523025
2021-05-04 15:15:00+05:30    1409.854165
Name: EMA20, Length: 750, dtype: float64","2021-03-18 09:15:00+05:30    1483.949951
2021-03-18 09:30:00+05:30    1483.987265
2021-03-18 09:45:00+05:30    1483.974954
2021-03-18 10:00:00+05:30    1483.935900
2021-03-18 10:15:00+05:30    1483.886786
                                ...     
2021-05-04 14:15:00+05:30    1472.504363
2021-05-04 14:30:00+05:30    1471.829196
2021-05-04 14:45:00+05:30    1471.154278
2021-05-04 15:00:00+05:30    1470.467171
2021-05-04 15:15:00+05:30    1469.800831
Name: EMA200, Length: 750, dtype: float64"
21,2021-04-15 13:15:00+05:30,,-4.174987792965112,-0.27%,-1043.746948241278,1525.000000000005,1529.1749877929701,"2021-03-18 09:15:00+05:30    1483.949951
2021-03-18 09:30:00+05:30    1485.199951
2021-03-18 09:45:00+05:30    1484.383301
2021-03-18 10:00:00+05:30    1482.938883
2021-03-18 10:15:00+05:30    1481.625922
                                ...     
2021-05-04 14:15:00+05:30    1408.657335
2021-05-04 14:30:00+05:30    1407.321565
2021-05-04 14:45:00+05:30    1406.214376
2021-05-04 15:00:00+05:30    1404.842910
2021-05-04 15:15:00+05:30    1404.395273
Name: EMA5, Length: 750, dtype: float64","2021-03-18 09:15:00+05:30    1483.949951
2021-03-18 09:30:00+05:30    1484.307094
2021-03-18 09:45:00+05:30    1484.158799
2021-03-18 10:00:00+05:30    1483.767490
2021-03-18 10:15:00+05:30    1483.313443
                                ...     
2021-05-04 14:15:00+05:30    1412.983268
2021-05-04 14:30:00+05:30    1412.189626
2021-05-04 14:45:00+05:30    1411.409661
2021-05-04 15:00:00+05:30    1410.523025
2021-05-04 15:15:00+05:30    1409.854165
Name: EMA20, Length: 750, dtype: float64","2021-03-18 09:15:00+05:30    1483.949951
2021-03-18 09:30:00+05:30    1483.987265
2021-03-18 09:45:00+05:30    1483.974954
2021-03-18 10:00:00+05:30    1483.935900
2021-03-18 10:15:00+05:30    1483.886786
                                ...     
2021-05-04 14:15:00+05:30    1472.504363
2021-05-04 14:30:00+05:30    1471.829196
2021-05-04 14:45:00+05:30    1471.154278
2021-05-04 15:00:00+05:30    1470.467171
2021-05-04 15:15:00+05:30    1469.800831
Name: EMA200, Length: 750, dtype: float64"
22,2021-04-16 10:30:00+05:30,,-32.42498779296511,-2.09%,-8106.246948241278,1552.5499877929701,1520.125000000005,"2021-03-18 09:15:00+05:30    1483.949951
2021-03-18 09:30:00+05:30    1485.199951
2021-03-18 09:45:00+05:30    1484.383301
2021-03-18 10:00:00+05:30    1482.938883
2021-03-18 10:15:00+05:30    1481.625922
                                ...     
2021-05-04 14:15:00+05:30    1408.657335
2021-05-04 14:30:00+05:30    1407.321565
2021-05-04 14:45:00+05:30    1406.214376
2021-05-04 15:00:00+05:30    1404.842910
2021-05-04 15:15:00+05:30    1404.395273
Name: EMA5, Length: 750, dtype: float64","2021-03-18 09:15:00+05:30    1483.949951
2021-03-18 09:30:00+05:30    1484.307094
2021-03-18 09:45:00+05:30    1484.158799
2021-03-18 10:00:00+05:30    1483.767490
2021-03-18 10:15:00+05:30    1483.313443
                                ...     
2021-05-04 14:15:00+05:30    1412.983268
2021-05-04 14:30:00+05:30    1412.189626
2021-05-04 14:45:00+05:30    1411.409661
2021-05-04 15:00:00+05:30    1410.523025
2021-05-04 15:15:00+05:30    1409.854165
Name: EMA20, Length: 750, dtype: float64","2021-03-18 09:15:00+05:30    1483.949951
2021-03-18 09:30:00+05:30    1483.987265
2021-03-18 09:45:00+05:30    1483.974954
2021-03-18 10:00:00+05:30    1483.935900
2021-03-18 10:15:00+05:30    1483.886786
                                ...     
2021-05-04 14:15:00+05:30    1472.504363
2021-05-04 14:30:00+05:30    1471.829196
2021-05-04 14:45:00+05:30    1471.154278
2021-05-04 15:00:00+05:30    1470.467171
2021-05-04 15:15:00+05:30    1469.800831
Name: EMA200, Length: 750, dtype: float64"
23,2021-04-19 09:45:00+05:30,,-17.975036621095114,-1.19%,-4493.759155273779,1506.14996337891,1524.125000000005,"2021-03-18 09:15:00+05:30    1483.949951
2021-03-18 09:30:00+05:30    1485.199951
2021-03-18 09:45:00+05:30    1484.383301
2021-03-18 10:00:00+05:30    1482.938883
2021-03-18 10:15:00+05:30    1481.625922
                                ...     
2021-05-04 14:15:00+05:30    1408.657335
2021-05-04 14:30:00+05:30    1407.321565
2021-05-04 14:45:00+05:30    1406.214376
2021-05-04 15:00:00+05:30    1404.842910
2021-05-04 15:15:00+05:30    1404.395273
Name: EMA5, Length: 750, dtype: float64","2021-03-18 09:15:00+05:30    1483.949951
2021-03-18 09:30:00+05:30    1484.307094
2021-03-18 09:45:00+05:30    1484.158799
2021-03-18 10:00:00+05:30    1483.767490
2021-03-18 10:15:00+05:30    1483.313443
                                ...     
2021-05-04 14:15:00+05:30    1412.983268
2021-05-04 14:30:00+05:30    1412.189626
2021-05-04 14:45:00+05:30    1411.409661
2021-05-04 15:00:00+05:30    1410.523025
2021-05-04 15:15:00+05:30    1409.854165
Name: EMA20, Length: 750, dtype: float64","2021-03-18 09:15:00+05:30    1483.949951
2021-03-18 09:30:00+05:30    1483.987265
2021-03-18 09:45:00+05:30    1483.974954
2021-03-18 10:00:00+05:30    1483.935900
2021-03-18 10:15:00+05:30    1483.886786
                                ...     
2021-05-04 14:15:00+05:30    1472.504363
2021-05-04 14:30:00+05:30    1471.829196
2021-05-04 14:45:00+05:30    1471.154278
2021-05-04 15:00:00+05:30    1470.467171
2021-05-04 15:15:00+05:30    1469.800831
Name: EMA200, Length: 750, dtype: float64"
24,2021-04-19 14:15:00+05:30,,-15.799987792965112,-1.04%,-3949.996948241278,1518.700012207035,1534.5,"2021-03-18 09:15:00+05:30    1483.949951
2021-03-18 09:30:00+05:30    1485.199951
2021-03-18 09:45:00+05:30    1484.383301
2021-03-18 10:00:00+05:30    1482.938883
2021-03-18 10:15:00+05:30    1481.625922
                                ...     
2021-05-04 14:15:00+05:30    1408.657335
2021-05-04 14:30:00+05:30    1407.321565
2021-05-04 14:45:00+05:30    1406.214376
2021-05-04 15:00:00+05:30    1404.842910
2021-05-04 15:15:00+05:30    1404.395273
Name: EMA5, Length: 750, dtype: float64","2021-03-18 09:15:00+05:30    1483.949951
2021-03-18 09:30:00+05:30    1484.307094
2021-03-18 09:45:00+05:30    1484.158799
2021-03-18 10:00:00+05:30    1483.767490
2021-03-18 10:15:00+05:30    1483.313443
                                ...     
2021-05-04 14:15:00+05:30    1412.983268
2021-05-04 14:30:00+05:30    1412.189626
2021-05-04 14:45:00+05:30    1411.409661
2021-05-04 15:00:00+05:30    1410.523025
2021-05-04 15:15:00+05:30    1409.854165
Name: EMA20, Length: 750, dtype: float64","2021-03-18 09:15:00+05:30    1483.949951
2021-03-18 09:30:00+05:30    1483.987265
2021-03-18 09:45:00+05:30    1483.974954
2021-03-18 10:00:00+05:30    1483.935900
2021-03-18 10:15:00+05:30    1483.886786
                                ...     
2021-05-04 14:15:00+05:30    1472.504363
2021-05-04 14:30:00+05:30    1471.829196
2021-05-04 14:45:00+05:30    1471.154278
2021-05-04 15:00:00+05:30    1470.467171
2021-05-04 15:15:00+05:30    1469.800831
Name: EMA200, Length: 750, dtype: float64"
25,2021-04-20 11:00:00+05:30,,-21.024963378909888,-1.35%,-5256.240844727472,1557.19995117188,1536.1749877929701,"2021-03-18 09:15:00+05:30    1483.949951
2021-03-18 09:30:00+05:30    1485.199951
2021-03-18 09:45:00+05:30    1484.383301
2021-03-18 10:00:00+05:30    1482.938883
2021-03-18 10:15:00+05:30    1481.625922
                                ...     
2021-05-04 14:15:00+05:30    1408.657335
2021-05-04 14:30:00+05:30    1407.321565
2021-05-04 14:45:00+05:30    1406.214376
2021-05-04 15:00:00+05:30    1404.842910
2021-05-04 15:15:00+05:30    1404.395273
Name: EMA5, Length: 750, dtype: float64","2021-03-18 09:15:00+05:30    1483.949951
2021-03-18 09:30:00+05:30    1484.307094
2021-03-18 09:45:00+05:30    1484.158799
2021-03-18 10:00:00+05:30    1483.767490
2021-03-18 10:15:00+05:30    1483.313443
                                ...     
2021-05-04 14:15:00+05:30    1412.983268
2021-05-04 14:30:00+05:30    1412.189626
2021-05-04 14:45:00+05:30    1411.409661
2021-05-04 15:00:00+05:30    1410.523025
2021-05-04 15:15:00+05:30    1409.854165
Name: EMA20, Length: 750, dtype: float64","2021-03-18 09:15:00+05:30    1483.949951
2021-03-18 09:30:00+05:30    1483.987265
2021-03-18 09:45:00+05:30    1483.974954
2021-03-18 10:00:00+05:30    1483.935900
2021-03-18 10:15:00+05:30    1483.886786
                                ...     
2021-05-04 14:15:00+05:30    1472.504363
2021-05-04 14:30:00+05:30    1471.829196
2021-05-04 14:45:00+05:30    1471.154278
2021-05-04 15:00:00+05:30    1470.467171
2021-05-04 15:15:00+05:30    1469.800831
Name: EMA200, Length: 750, dtype: float64"
26,2021-04-20 14:15:00+05:30,,26.275024414065,1.73%,6568.756103516251,1516.900024414065,1490.625,"2021-03-18 09:15:00+05:30    1483.949951
2021-03-18 09:30:00+05:30    1485.199951
2021-03-18 09:45:00+05:30    1484.383301
2021-03-18 10:00:00+05:30    1482.938883
2021-03-18 10:15:00+05:30    1481.625922
                                ...     
2021-05-04 14:15:00+05:30    1408.657335
2021-05-04 14:30:00+05:30    1407.321565
2021-05-04 14:45:00+05:30    1406.214376
2021-05-04 15:00:00+05:30    1404.842910
2021-05-04 15:15:00+05:30    1404.395273
Name: EMA5, Length: 750, dtype: float64","2021-03-18 09:15:00+05:30    1483.949951
2021-03-18 09:30:00+05:30    1484.307094
2021-03-18 09:45:00+05:30    1484.158799
2021-03-18 10:00:00+05:30    1483.767490
2021-03-18 10:15:00+05:30    1483.313443
                                ...     
2021-05-04 14:15:00+05:30    1412.983268
2021-05-04 14:30:00+05:30    1412.189626
2021-05-04 14:45:00+05:30    1411.409661
2021-05-04 15:00:00+05:30    1410.523025
2021-05-04 15:15:00+05:30    1409.854165
Name: EMA20, Length: 750, dtype: float64","2021-03-18 09:15:00+05:30    1483.949951
2021-03-18 09:30:00+05:30    1483.987265
2021-03-18 09:45:00+05:30    1483.974954
2021-03-18 10:00:00+05:30    1483.935900
2021-03-18 10:15:00+05:30    1483.886786
                                ...     
2021-05-04 14:15:00+05:30    1472.504363
2021-05-04 14:30:00+05:30    1471.829196
2021-05-04 14:45:00+05:30    1471.154278
2021-05-04 15:00:00+05:30    1470.467171
2021-05-04 15:15:00+05:30    1469.800831
Name: EMA200, Length: 750, dtype: float64"
27,2021-04-23 10:00:00+05:30,,-3.474975585934999,-0.23%,-868.7438964837497,1484.125000000005,1487.59997558594,"2021-03-18 09:15:00+05:30    1483.949951
2021-03-18 09:30:00+05:30    1485.199951
2021-03-18 09:45:00+05:30    1484.383301
2021-03-18 10:00:00+05:30    1482.938883
2021-03-18 10:15:00+05:30    1481.625922
                                ...     
2021-05-04 14:15:00+05:30    1408.657335
2021-05-04 14:30:00+05:30    1407.321565
2021-05-04 14:45:00+05:30    1406.214376
2021-05-04 15:00:00+05:30    1404.842910
2021-05-04 15:15:00+05:30    1404.395273
Name: EMA5, Length: 750, dtype: float64","2021-03-18 09:15:00+05:30    1483.949951
2021-03-18 09:30:00+05:30    1484.307094
2021-03-18 09:45:00+05:30    1484.158799
2021-03-18 10:00:00+05:30    1483.767490
2021-03-18 10:15:00+05:30    1483.313443
                                ...     
2021-05-04 14:15:00+05:30    1412.983268
2021-05-04 14:30:00+05:30    1412.189626
2021-05-04 14:45:00+05:30    1411.409661
2021-05-04 15:00:00+05:30    1410.523025
2021-05-04 15:15:00+05:30    1409.854165
Name: EMA20, Length: 750, dtype: float64","2021-03-18 09:15:00+05:30    1483.949951
2021-03-18 09:30:00+05:30    1483.987265
2021-03-18 09:45:00+05:30    1483.974954
2021-03-18 10:00:00+05:30    1483.935900
2021-03-18 10:15:00+05:30    1483.886786
                                ...     
2021-05-04 14:15:00+05:30    1472.504363
2021-05-04 14:30:00+05:30    1471.829196
2021-05-04 14:45:00+05:30    1471.154278
2021-05-04 15:00:00+05:30    1470.467171
2021-05-04 15:15:00+05:30    1469.800831
Name: EMA200, Length: 750, dtype: float64"
28,2021-04-23 12:15:00+05:30,,0.375,0.03%,93.75,1481.59997558594,1481.22497558594,"2021-03-18 09:15:00+05:30    1483.949951
2021-03-18 09:30:00+05:30    1485.199951
2021-03-18 09:45:00+05:30    1484.383301
2021-03-18 10:00:00+05:30    1482.938883
2021-03-18 10:15:00+05:30    1481.625922
                                ...     
2021-05-04 14:15:00+05:30    1408.657335
2021-05-04 14:30:00+05:30    1407.321565
2021-05-04 14:45:00+05:30    1406.214376
2021-05-04 15:00:00+05:30    1404.842910
2021-05-04 15:15:00+05:30    1404.395273
Name: EMA5, Length: 750, dtype: float64","2021-03-18 09:15:00+05:30    1483.949951
2021-03-18 09:30:00+05:30    1484.307094
2021-03-18 09:45:00+05:30    1484.158799
2021-03-18 10:00:00+05:30    1483.767490
2021-03-18 10:15:00+05:30    1483.313443
                                ...     
2021-05-04 14:15:00+05:30    1412.983268
2021-05-04 14:30:00+05:30    1412.189626
2021-05-04 14:45:00+05:30    1411.409661
2021-05-04 15:00:00+05:30    1410.523025
2021-05-04 15:15:00+05:30    1409.854165
Name: EMA20, Length: 750, dtype: float64","2021-03-18 09:15:00+05:30    1483.949951
2021-03-18 09:30:00+05:30    1483.987265
2021-03-18 09:45:00+05:30    1483.974954
2021-03-18 10:00:00+05:30    1483.935900
2021-03-18 10:15:00+05:30    1483.886786
                                ...     
2021-05-04 14:15:00+05:30    1472.504363
2021-05-04 14:30:00+05:30    1471.829196
2021-05-04 14:45:00+05:30    1471.154278
2021-05-04 15:00:00+05:30    1470.467171
2021-05-04 15:15:00+05:30    1469.800831
Name: EMA200, Length: 750, dtype: float64"
29,2021-04-28 14:30:00+05:30,,-4.049926757815001,-0.27%,-1012.4816894537503,1508.44995117188,1504.400024414065,"2021-03-18 09:15:00+05:30    1483.949951
2021-03-18 09:30:00+05:30    1485.199951
2021-03-18 09:45:00+05:30    1484.383301
2021-03-18 10:00:00+05:30    1482.938883
2021-03-18 10:15:00+05:30    1481.625922
                                ...     
2021-05-04 14:15:00+05:30    1408.657335
2021-05-04 14:30:00+05:30    1407.321565
2021-05-04 14:45:00+05:30    1406.214376
2021-05-04 15:00:00+05:30    1404.842910
2021-05-04 15:15:00+05:30    1404.395273
Name: EMA5, Length: 750, dtype: float64","2021-03-18 09:15:00+05:30    1483.949951
2021-03-18 09:30:00+05:30    1484.307094
2021-03-18 09:45:00+05:30    1484.158799
2021-03-18 10:00:00+05:30    1483.767490
2021-03-18 10:15:00+05:30    1483.313443
                                ...     
2021-05-04 14:15:00+05:30    1412.983268
2021-05-04 14:30:00+05:30    1412.189626
2021-05-04 14:45:00+05:30    1411.409661
2021-05-04 15:00:00+05:30    1410.523025
2021-05-04 15:15:00+05:30    1409.854165
Name: EMA20, Length: 750, dtype: float64","2021-03-18 09:15:00+05:30    1483.949951
2021-03-18 09:30:00+05:30    1483.987265
2021-03-18 09:45:00+05:30    1483.974954
2021-03-18 10:00:00+05:30    1483.935900
2021-03-18 10:15:00+05:30    1483.886786
                                ...     
2021-05-04 14:15:00+05:30    1472.504363
2021-05-04 14:30:00+05:30    1471.829196
2021-05-04 14:45:00+05:30    1471.154278
2021-05-04 15:00:00+05:30    1470.467171
2021-05-04 15:15:00+05:30    1469.800831
Name: EMA200, Length: 750, dtype: float64"
30,2021-04-29 11:15:00+05:30,,-1.2750244140597715,-0.08%,-318.7561035149429,1506.3250122070299,1505.0499877929701,"2021-03-18 09:15:00+05:30    1483.949951
2021-03-18 09:30:00+05:30    1485.199951
2021-03-18 09:45:00+05:30    1484.383301
2021-03-18 10:00:00+05:30    1482.938883
2021-03-18 10:15:00+05:30    1481.625922
                                ...     
2021-05-04 14:15:00+05:30    1408.657335
2021-05-04 14:30:00+05:30    1407.321565
2021-05-04 14:45:00+05:30    1406.214376
2021-05-04 15:00:00+05:30    1404.842910
2021-05-04 15:15:00+05:30    1404.395273
Name: EMA5, Length: 750, dtype: float64","2021-03-18 09:15:00+05:30    1483.949951
2021-03-18 09:30:00+05:30    1484.307094
2021-03-18 09:45:00+05:30    1484.158799
2021-03-18 10:00:00+05:30    1483.767490
2021-03-18 10:15:00+05:30    1483.313443
                                ...     
2021-05-04 14:15:00+05:30    1412.983268
2021-05-04 14:30:00+05:30    1412.189626
2021-05-04 14:45:00+05:30    1411.409661
2021-05-04 15:00:00+05:30    1410.523025
2021-05-04 15:15:00+05:30    1409.854165
Name: EMA20, Length: 750, dtype: float64","2021-03-18 09:15:00+05:30    1483.949951
2021-03-18 09:30:00+05:30    1483.987265
2021-03-18 09:45:00+05:30    1483.974954
2021-03-18 10:00:00+05:30    1483.935900
2021-03-18 10:15:00+05:30    1483.886786
                                ...     
2021-05-04 14:15:00+05:30    1472.504363
2021-05-04 14:30:00+05:30    1471.829196
2021-05-04 14:45:00+05:30    1471.154278
2021-05-04 15:00:00+05:30    1470.467171
2021-05-04 15:15:00+05:30    1469.800831
Name: EMA200, Length: 750, dtype: float64"
31,2021-04-30 09:15:00+05:30,,-8.575012207029886,-0.58%,-2143.7530517574714,1489.5499877929701,1498.125,"2021-03-18 09:15:00+05:30    1483.949951
2021-03-18 09:30:00+05:30    1485.199951
2021-03-18 09:45:00+05:30    1484.383301
2021-03-18 10:00:00+05:30    1482.938883
2021-03-18 10:15:00+05:30    1481.625922
                                ...     
2021-05-04 14:15:00+05:30    1408.657335
2021-05-04 14:30:00+05:30    1407.321565
2021-05-04 14:45:00+05:30    1406.214376
2021-05-04 15:00:00+05:30    1404.842910
2021-05-04 15:15:00+05:30    1404.395273
Name: EMA5, Length: 750, dtype: float64","2021-03-18 09:15:00+05:30    1483.949951
2021-03-18 09:30:00+05:30    1484.307094
2021-03-18 09:45:00+05:30    1484.158799
2021-03-18 10:00:00+05:30    1483.767490
2021-03-18 10:15:00+05:30    1483.313443
                                ...     
2021-05-04 14:15:00+05:30    1412.983268
2021-05-04 14:30:00+05:30    1412.189626
2021-05-04 14:45:00+05:30    1411.409661
2021-05-04 15:00:00+05:30    1410.523025
2021-05-04 15:15:00+05:30    1409.854165
Name: EMA20, Length: 750, dtype: float64","2021-03-18 09:15:00+05:30    1483.949951
2021-03-18 09:30:00+05:30    1483.987265
2021-03-18 09:45:00+05:30    1483.974954
2021-03-18 10:00:00+05:30    1483.935900
2021-03-18 10:15:00+05:30    1483.886786
                                ...     
2021-05-04 14:15:00+05:30    1472.504363
2021-05-04 14:30:00+05:30    1471.829196
2021-05-04 14:45:00+05:30    1471.154278
2021-05-04 15:00:00+05:30    1470.467171
2021-05-04 15:15:00+05:30    1469.800831
Name: EMA200, Length: 750, dtype: float64"
